onset,duration,description
2021-01-01 10:14:48.000000,0.0,EEG-artifact
2021-01-01 10:14:48.000000,0.0,Eye-blink-artifact
2021-01-01 10:14:48.000000,0.0,Eye-movement-vertical-artifact
2021-01-01 10:14:48.000000,0.0,Eye-movement-horizontal-artifact
2021-01-01 10:14:48.000000,0.0,Slow-eye-movement-artifact
2021-01-01 10:14:48.000000,0.0,Nystagmus-artifact
2021-01-01 10:14:48.000000,0.0,Chewing-artifact
2021-01-01 10:14:48.000000,0.0,Sucking-artifact
2021-01-01 10:14:48.000000,0.0,Glossokinetic-artifact
2021-01-01 10:14:48.000000,0.0,Rocking-patting-artifact
2021-01-01 10:14:48.000000,0.0,Movement-artifact
2021-01-01 10:14:48.000000,0.0,Respiration-artifact
2021-01-01 10:14:48.000000,0.0,Pulse-artifact
2021-01-01 10:14:48.000000,0.0,ECG-artifact
2021-01-01 10:14:48.000000,0.0,Sweat-artifact
2021-01-01 10:14:48.000000,0.0,EMG-artifact
2021-01-01 10:14:48.000000,0.0,Power-supply-artifact
2021-01-01 10:14:48.000000,0.0,Induction-artifact
2021-01-01 10:14:48.000000,0.0,Dialysis-artifact
2021-01-01 10:14:48.000000,0.0,Artificial-ventilation-artifact
2021-01-01 10:14:48.000000,0.0,Electrode-pops-artifact
2021-01-01 10:14:48.000000,0.0,Salt-bridge-artifact
2021-01-01 10:14:48.000000,0.0,Other-EEG-artifact
2021-01-01 10:14:48.005000,0.0,eyes_closed
2021-01-01 10:14:48.632280,2.817526340484619,Artificial-ventilation-artifact
2021-01-01 10:14:51.788131,0.7764832973480225,Dialysis-artifact
2021-01-01 10:14:53.235718,0.45479774475097656,Rocking-patting-artifact
2021-01-01 10:14:54.234055,0.5712699890136719,Dialysis-artifact
2021-01-01 10:14:55.293400,2.0854129791259766,Artificial-ventilation-artifact
2021-01-01 10:24:56.469971,0.0,eyes_open
2021-01-01 10:25:09.114990,0.0,eyes_closed
2021-01-01 10:25:22.250000,0.0,eyes_open
2021-01-01 10:25:40.609985,0.0,eyes_closed
2021-01-01 10:25:57.765015,0.0,eyes_open
2021-01-01 10:26:09.729980,0.0,eyes_closed
2021-01-01 10:26:22.044983,0.0,eyes_open
2021-01-01 10:26:34.575012,0.0,eyes_closed
2021-01-01 10:26:48.224976,0.0,eyes_open
2021-01-01 10:26:59.130005,0.0,eyes_closed
2021-01-01 10:27:10.994995,0.0,eyes_open
2021-01-01 10:27:25.815002,0.0,eyes_closed
2021-01-01 10:27:41.140015,0.0,eyes_open
2021-01-01 10:27:54.645020,0.0,eyes_closed
2021-01-01 10:28:10.549988,0.0,eyes_open
2021-01-01 10:28:22.385010,0.0,eyes_closed
2021-01-01 10:28:37.385010,0.0,eyes_open
2021-01-01 10:28:54.929993,0.0,eyes_closed
2021-01-01 10:29:08.434998,0.0,eyes_open
2021-01-01 10:29:26.734985,0.0,eyes_closed
2021-01-01 10:29:40.659973,0.0,eyes_open
2021-01-01 10:29:59.965027,0.0,eyes_closed
2021-01-01 10:30:20.765015,0.0,eyes_open
2021-01-01 10:30:40.864990,0.0,eyes_closed
2021-01-01 10:31:00.385010,0.0,eyes_open
2021-01-01 10:31:16.549988,0.0,eyes_closed
2021-01-01 10:31:37.049988,0.0,eyes_open
2021-01-01 10:31:54.510010,0.0,eyes_closed
2021-01-01 10:32:18.459961,0.0,eyes_open
2021-01-01 10:32:35.089966,0.0,eyes_closed
2021-01-01 10:32:48.030029,0.0,eyes_open
2021-01-01 10:33:02.724976,0.0,eyes_closed
2021-01-01 10:33:12.935059,0.0,hyperventilation_1
2021-01-01 10:34:16.420044,0.0,hyperventilation_2
2021-01-01 10:35:21.285034,0.0,hyperventilation_3
2021-01-01 10:36:24.209961,0.0,recovery
2021-01-01 10:38:27.469971,0.0,photic_stimulation/71
2021-01-01 10:38:29.744995,0.0,photic_stimulation/5
2021-01-01 10:38:29.944946,0.0,photic_stimulation/5
2021-01-01 10:38:30.145020,0.0,photic_stimulation/5
2021-01-01 10:38:30.344971,0.0,photic_stimulation/5
2021-01-01 10:38:30.545044,0.0,photic_stimulation/5
2021-01-01 10:38:30.744995,0.0,photic_stimulation/5
2021-01-01 10:38:30.944946,0.0,photic_stimulation/5
2021-01-01 10:38:31.145020,0.0,photic_stimulation/5
2021-01-01 10:38:31.344971,0.0,photic_stimulation/5
2021-01-01 10:38:31.545044,0.0,photic_stimulation/5
2021-01-01 10:38:31.744995,0.0,photic_stimulation/5
2021-01-01 10:38:31.944946,0.0,photic_stimulation/5
2021-01-01 10:38:32.145020,0.0,photic_stimulation/5
2021-01-01 10:38:32.344971,0.0,photic_stimulation/5
2021-01-01 10:38:32.545044,0.0,photic_stimulation/5
2021-01-01 10:38:32.744995,0.0,photic_stimulation/5
2021-01-01 10:38:32.944946,0.0,photic_stimulation/5
2021-01-01 10:38:33.145020,0.0,photic_stimulation/5
2021-01-01 10:38:33.344971,0.0,photic_stimulation/5
2021-01-01 10:38:33.545044,0.0,photic_stimulation/5
2021-01-01 10:38:33.744995,0.0,photic_stimulation/5
2021-01-01 10:38:33.944946,0.0,photic_stimulation/5
2021-01-01 10:38:34.145020,0.0,photic_stimulation/5
2021-01-01 10:38:34.344971,0.0,photic_stimulation/5
2021-01-01 10:38:34.545044,0.0,photic_stimulation/5
2021-01-01 10:38:34.744995,0.0,photic_stimulation/5
2021-01-01 10:38:34.944946,0.0,photic_stimulation/5
2021-01-01 10:38:35.145020,0.0,photic_stimulation/5
2021-01-01 10:38:35.344971,0.0,photic_stimulation/5
2021-01-01 10:38:35.545044,0.0,photic_stimulation/5
2021-01-01 10:38:35.744995,0.0,photic_stimulation/5
2021-01-01 10:38:35.944946,0.0,photic_stimulation/5
2021-01-01 10:38:36.145020,0.0,photic_stimulation/5
2021-01-01 10:38:36.344971,0.0,photic_stimulation/5
2021-01-01 10:38:36.545044,0.0,photic_stimulation/5
2021-01-01 10:38:36.744995,0.0,photic_stimulation/5
2021-01-01 10:38:36.944946,0.0,photic_stimulation/5
2021-01-01 10:38:37.145020,0.0,photic_stimulation/5
2021-01-01 10:38:37.344971,0.0,photic_stimulation/5
2021-01-01 10:38:37.545044,0.0,photic_stimulation/5
2021-01-01 10:38:37.744995,0.0,photic_stimulation/5
2021-01-01 10:38:37.944946,0.0,photic_stimulation/5
2021-01-01 10:38:38.145020,0.0,photic_stimulation/5
2021-01-01 10:38:38.344971,0.0,photic_stimulation/5
2021-01-01 10:38:38.545044,0.0,photic_stimulation/5
2021-01-01 10:38:38.744995,0.0,photic_stimulation/5
2021-01-01 10:38:38.944946,0.0,photic_stimulation/5
2021-01-01 10:38:39.145020,0.0,photic_stimulation/5
2021-01-01 10:38:39.344971,0.0,photic_stimulation/5
2021-01-01 10:38:39.545044,0.0,photic_stimulation/5
2021-01-01 10:38:44.734985,0.0,photic_stimulation/5
2021-01-01 10:38:44.834961,0.0,photic_stimulation/5
2021-01-01 10:38:44.935059,0.0,photic_stimulation/5
2021-01-01 10:38:45.035034,0.0,photic_stimulation/5
2021-01-01 10:38:45.135010,0.0,photic_stimulation/5
2021-01-01 10:38:45.239990,0.0,photic_stimulation/5
2021-01-01 10:38:45.334961,0.0,photic_stimulation/5
2021-01-01 10:38:45.435059,0.0,photic_stimulation/5
2021-01-01 10:38:45.535034,0.0,photic_stimulation/5
2021-01-01 10:38:45.635010,0.0,photic_stimulation/5
2021-01-01 10:38:45.734985,0.0,photic_stimulation/5
2021-01-01 10:38:45.834961,0.0,photic_stimulation/5
2021-01-01 10:38:45.935059,0.0,photic_stimulation/5
2021-01-01 10:38:46.040039,0.0,photic_stimulation/5
2021-01-01 10:38:46.135010,0.0,photic_stimulation/5
2021-01-01 10:38:46.234985,0.0,photic_stimulation/5
2021-01-01 10:38:46.334961,0.0,photic_stimulation/5
2021-01-01 10:38:46.435059,0.0,photic_stimulation/5
2021-01-01 10:38:46.540039,0.0,photic_stimulation/5
2021-01-01 10:38:46.635010,0.0,photic_stimulation/5
2021-01-01 10:38:46.734985,0.0,photic_stimulation/5
2021-01-01 10:38:46.839966,0.0,photic_stimulation/5
2021-01-01 10:38:46.935059,0.0,photic_stimulation/5
2021-01-01 10:38:47.035034,0.0,photic_stimulation/5
2021-01-01 10:38:47.135010,0.0,photic_stimulation/5
2021-01-01 10:38:47.234985,0.0,photic_stimulation/5
2021-01-01 10:38:47.339966,0.0,photic_stimulation/5
2021-01-01 10:38:47.435059,0.0,photic_stimulation/5
2021-01-01 10:38:47.535034,0.0,photic_stimulation/5
2021-01-01 10:38:47.640015,0.0,photic_stimulation/5
2021-01-01 10:38:47.734985,0.0,photic_stimulation/5
2021-01-01 10:38:47.834961,0.0,photic_stimulation/5
2021-01-01 10:38:47.935059,0.0,photic_stimulation/5
2021-01-01 10:38:48.035034,0.0,photic_stimulation/5
2021-01-01 10:38:48.140015,0.0,photic_stimulation/5
2021-01-01 10:38:48.234985,0.0,photic_stimulation/5
2021-01-01 10:38:48.334961,0.0,photic_stimulation/5
2021-01-01 10:38:48.435059,0.0,photic_stimulation/5
2021-01-01 10:38:48.535034,0.0,photic_stimulation/5
2021-01-01 10:38:48.640015,0.0,photic_stimulation/5
2021-01-01 10:38:48.734985,0.0,photic_stimulation/5
2021-01-01 10:38:48.834961,0.0,photic_stimulation/5
2021-01-01 10:38:48.939941,0.0,photic_stimulation/5
2021-01-01 10:38:49.035034,0.0,photic_stimulation/5
2021-01-01 10:38:49.135010,0.0,photic_stimulation/5
2021-01-01 10:38:49.234985,0.0,photic_stimulation/5
2021-01-01 10:38:49.334961,0.0,photic_stimulation/5
2021-01-01 10:38:49.439941,0.0,photic_stimulation/5
2021-01-01 10:38:49.535034,0.0,photic_stimulation/5
2021-01-01 10:38:49.635010,0.0,photic_stimulation/5
2021-01-01 10:38:49.739990,0.0,photic_stimulation/5
2021-01-01 10:38:49.834961,0.0,photic_stimulation/5
2021-01-01 10:38:49.935059,0.0,photic_stimulation/5
2021-01-01 10:38:50.035034,0.0,photic_stimulation/5
2021-01-01 10:38:50.135010,0.0,photic_stimulation/5
2021-01-01 10:38:50.239990,0.0,photic_stimulation/5
2021-01-01 10:38:50.334961,0.0,photic_stimulation/5
2021-01-01 10:38:50.435059,0.0,photic_stimulation/5
2021-01-01 10:38:50.535034,0.0,photic_stimulation/5
2021-01-01 10:38:50.635010,0.0,photic_stimulation/5
2021-01-01 10:38:50.739990,0.0,photic_stimulation/5
2021-01-01 10:38:50.834961,0.0,photic_stimulation/5
2021-01-01 10:38:50.935059,0.0,photic_stimulation/5
2021-01-01 10:38:51.040039,0.0,photic_stimulation/5
2021-01-01 10:38:51.135010,0.0,photic_stimulation/5
2021-01-01 10:38:51.234985,0.0,photic_stimulation/5
2021-01-01 10:38:51.334961,0.0,photic_stimulation/5
2021-01-01 10:38:51.435059,0.0,photic_stimulation/5
2021-01-01 10:38:51.540039,0.0,photic_stimulation/5
2021-01-01 10:38:51.635010,0.0,photic_stimulation/5
2021-01-01 10:38:51.734985,0.0,photic_stimulation/5
2021-01-01 10:38:51.839966,0.0,photic_stimulation/5
2021-01-01 10:38:51.935059,0.0,photic_stimulation/5
2021-01-01 10:38:52.035034,0.0,photic_stimulation/5
2021-01-01 10:38:52.135010,0.0,photic_stimulation/5
2021-01-01 10:38:52.234985,0.0,photic_stimulation/5
2021-01-01 10:38:52.339966,0.0,photic_stimulation/5
2021-01-01 10:38:52.435059,0.0,photic_stimulation/5
2021-01-01 10:38:52.535034,0.0,photic_stimulation/5
2021-01-01 10:38:52.635010,0.0,photic_stimulation/5
2021-01-01 10:38:52.734985,0.0,photic_stimulation/5
2021-01-01 10:38:52.834961,0.0,photic_stimulation/5
2021-01-01 10:38:52.935059,0.0,photic_stimulation/5
2021-01-01 10:38:53.035034,0.0,photic_stimulation/5
2021-01-01 10:38:53.140015,0.0,photic_stimulation/5
2021-01-01 10:38:53.234985,0.0,photic_stimulation/5
2021-01-01 10:38:53.334961,0.0,photic_stimulation/5
2021-01-01 10:38:53.435059,0.0,photic_stimulation/5
2021-01-01 10:38:53.535034,0.0,photic_stimulation/5
2021-01-01 10:38:53.640015,0.0,photic_stimulation/5
2021-01-01 10:38:53.734985,0.0,photic_stimulation/5
2021-01-01 10:38:53.839966,0.0,photic_stimulation/5
2021-01-01 10:38:53.939941,0.0,photic_stimulation/5
2021-01-01 10:38:54.040039,0.0,photic_stimulation/5
2021-01-01 10:38:54.140015,0.0,photic_stimulation/5
2021-01-01 10:38:54.239990,0.0,photic_stimulation/5
2021-01-01 10:38:54.339966,0.0,photic_stimulation/5
2021-01-01 10:38:54.439941,0.0,photic_stimulation/5
2021-01-01 10:38:54.540039,0.0,photic_stimulation/5
2021-01-01 10:38:54.640015,0.0,photic_stimulation/5
2021-01-01 10:38:59.729980,0.0,photic_stimulation/5
2021-01-01 10:38:59.795044,0.0,photic_stimulation/5
2021-01-01 10:38:59.859985,0.0,photic_stimulation/5
2021-01-01 10:38:59.930054,0.0,photic_stimulation/5
2021-01-01 10:38:59.994995,0.0,photic_stimulation/5
2021-01-01 10:39:00.060059,0.0,photic_stimulation/5
2021-01-01 10:39:00.130005,0.0,photic_stimulation/5
2021-01-01 10:39:00.194946,0.0,photic_stimulation/5
2021-01-01 10:39:00.260010,0.0,photic_stimulation/5
2021-01-01 10:39:00.329956,0.0,photic_stimulation/5
2021-01-01 10:39:00.395020,0.0,photic_stimulation/5
2021-01-01 10:39:00.459961,0.0,photic_stimulation/5
2021-01-01 10:39:00.530029,0.0,photic_stimulation/5
2021-01-01 10:39:00.594971,0.0,photic_stimulation/5
2021-01-01 10:39:00.660034,0.0,photic_stimulation/5
2021-01-01 10:39:00.729980,0.0,photic_stimulation/5
2021-01-01 10:39:00.795044,0.0,photic_stimulation/5
2021-01-01 10:39:00.859985,0.0,photic_stimulation/5
2021-01-01 10:39:00.930054,0.0,photic_stimulation/5
2021-01-01 10:39:00.994995,0.0,photic_stimulation/5
2021-01-01 10:39:01.060059,0.0,photic_stimulation/5
2021-01-01 10:39:01.130005,0.0,photic_stimulation/5
2021-01-01 10:39:01.194946,0.0,photic_stimulation/5
2021-01-01 10:39:01.265015,0.0,photic_stimulation/5
2021-01-01 10:39:01.329956,0.0,photic_stimulation/5
2021-01-01 10:39:01.395020,0.0,photic_stimulation/5
2021-01-01 10:39:01.459961,0.0,photic_stimulation/5
2021-01-01 10:39:01.530029,0.0,photic_stimulation/5
2021-01-01 10:39:01.594971,0.0,photic_stimulation/5
2021-01-01 10:39:01.660034,0.0,photic_stimulation/5
2021-01-01 10:39:01.729980,0.0,photic_stimulation/5
2021-01-01 10:39:01.795044,0.0,photic_stimulation/5
2021-01-01 10:39:01.859985,0.0,photic_stimulation/5
2021-01-01 10:39:01.930054,0.0,photic_stimulation/5
2021-01-01 10:39:01.994995,0.0,photic_stimulation/5
2021-01-01 10:39:02.064941,0.0,photic_stimulation/5
2021-01-01 10:39:02.130005,0.0,photic_stimulation/5
2021-01-01 10:39:02.194946,0.0,photic_stimulation/5
2021-01-01 10:39:02.260010,0.0,photic_stimulation/5
2021-01-01 10:39:02.329956,0.0,photic_stimulation/5
2021-01-01 10:39:02.395020,0.0,photic_stimulation/5
2021-01-01 10:39:02.459961,0.0,photic_stimulation/5
2021-01-01 10:39:02.530029,0.0,photic_stimulation/5
2021-01-01 10:39:02.594971,0.0,photic_stimulation/5
2021-01-01 10:39:02.660034,0.0,photic_stimulation/5
2021-01-01 10:39:02.729980,0.0,photic_stimulation/5
2021-01-01 10:39:02.795044,0.0,photic_stimulation/5
2021-01-01 10:39:02.864990,0.0,photic_stimulation/5
2021-01-01 10:39:02.930054,0.0,photic_stimulation/5
2021-01-01 10:39:02.994995,0.0,photic_stimulation/5
2021-01-01 10:39:03.060059,0.0,photic_stimulation/5
2021-01-01 10:39:03.130005,0.0,photic_stimulation/5
2021-01-01 10:39:03.194946,0.0,photic_stimulation/5
2021-01-01 10:39:03.260010,0.0,photic_stimulation/5
2021-01-01 10:39:03.329956,0.0,photic_stimulation/5
2021-01-01 10:39:03.395020,0.0,photic_stimulation/5
2021-01-01 10:39:03.459961,0.0,photic_stimulation/5
2021-01-01 10:39:03.530029,0.0,photic_stimulation/5
2021-01-01 10:39:03.594971,0.0,photic_stimulation/5
2021-01-01 10:39:03.660034,0.0,photic_stimulation/5
2021-01-01 10:39:03.729980,0.0,photic_stimulation/5
2021-01-01 10:39:03.795044,0.0,photic_stimulation/5
2021-01-01 10:39:03.864990,0.0,photic_stimulation/5
2021-01-01 10:39:03.930054,0.0,photic_stimulation/5
2021-01-01 10:39:03.994995,0.0,photic_stimulation/5
2021-01-01 10:39:04.060059,0.0,photic_stimulation/5
2021-01-01 10:39:04.130005,0.0,photic_stimulation/5
2021-01-01 10:39:04.194946,0.0,photic_stimulation/5
2021-01-01 10:39:04.260010,0.0,photic_stimulation/5
2021-01-01 10:39:04.329956,0.0,photic_stimulation/5
2021-01-01 10:39:04.395020,0.0,photic_stimulation/5
2021-01-01 10:39:04.459961,0.0,photic_stimulation/5
2021-01-01 10:39:04.530029,0.0,photic_stimulation/5
2021-01-01 10:39:04.599976,0.0,photic_stimulation/5
2021-01-01 10:39:04.665039,0.0,photic_stimulation/5
2021-01-01 10:39:04.729980,0.0,photic_stimulation/5
2021-01-01 10:39:04.795044,0.0,photic_stimulation/5
2021-01-01 10:39:04.859985,0.0,photic_stimulation/5
2021-01-01 10:39:04.930054,0.0,photic_stimulation/5
2021-01-01 10:39:04.994995,0.0,photic_stimulation/5
2021-01-01 10:39:05.060059,0.0,photic_stimulation/5
2021-01-01 10:39:05.130005,0.0,photic_stimulation/5
2021-01-01 10:39:05.194946,0.0,photic_stimulation/5
2021-01-01 10:39:05.265015,0.0,photic_stimulation/5
2021-01-01 10:39:05.329956,0.0,photic_stimulation/5
2021-01-01 10:39:05.400024,0.0,photic_stimulation/5
2021-01-01 10:39:05.464966,0.0,photic_stimulation/5
2021-01-01 10:39:05.530029,0.0,photic_stimulation/5
2021-01-01 10:39:05.594971,0.0,photic_stimulation/5
2021-01-01 10:39:05.665039,0.0,photic_stimulation/5
2021-01-01 10:39:05.729980,0.0,photic_stimulation/5
2021-01-01 10:39:05.795044,0.0,photic_stimulation/5
2021-01-01 10:39:05.864990,0.0,photic_stimulation/5
2021-01-01 10:39:05.930054,0.0,photic_stimulation/5
2021-01-01 10:39:05.994995,0.0,photic_stimulation/5
2021-01-01 10:39:06.064941,0.0,photic_stimulation/5
2021-01-01 10:39:06.130005,0.0,photic_stimulation/5
2021-01-01 10:39:06.199951,0.0,photic_stimulation/5
2021-01-01 10:39:06.265015,0.0,photic_stimulation/5
2021-01-01 10:39:06.329956,0.0,photic_stimulation/5
2021-01-01 10:39:06.395020,0.0,photic_stimulation/5
2021-01-01 10:39:06.464966,0.0,photic_stimulation/5
2021-01-01 10:39:06.530029,0.0,photic_stimulation/5
2021-01-01 10:39:06.594971,0.0,photic_stimulation/5
2021-01-01 10:39:06.665039,0.0,photic_stimulation/5
2021-01-01 10:39:06.729980,0.0,photic_stimulation/5
2021-01-01 10:39:06.795044,0.0,photic_stimulation/5
2021-01-01 10:39:06.864990,0.0,photic_stimulation/5
2021-01-01 10:39:06.930054,0.0,photic_stimulation/5
2021-01-01 10:39:07.000000,0.0,photic_stimulation/5
2021-01-01 10:39:07.064941,0.0,photic_stimulation/5
2021-01-01 10:39:07.130005,0.0,photic_stimulation/5
2021-01-01 10:39:07.194946,0.0,photic_stimulation/5
2021-01-01 10:39:07.265015,0.0,photic_stimulation/5
2021-01-01 10:39:07.329956,0.0,photic_stimulation/5
2021-01-01 10:39:07.395020,0.0,photic_stimulation/5
2021-01-01 10:39:07.464966,0.0,photic_stimulation/5
2021-01-01 10:39:07.530029,0.0,photic_stimulation/5
2021-01-01 10:39:07.594971,0.0,photic_stimulation/5
2021-01-01 10:39:07.665039,0.0,photic_stimulation/5
2021-01-01 10:39:07.729980,0.0,photic_stimulation/5
2021-01-01 10:39:07.795044,0.0,photic_stimulation/5
2021-01-01 10:39:07.864990,0.0,photic_stimulation/5
2021-01-01 10:39:07.930054,0.0,photic_stimulation/5
2021-01-01 10:39:08.000000,0.0,photic_stimulation/5
2021-01-01 10:39:08.064941,0.0,photic_stimulation/5
2021-01-01 10:39:08.130005,0.0,photic_stimulation/5
2021-01-01 10:39:08.194946,0.0,photic_stimulation/5
2021-01-01 10:39:08.265015,0.0,photic_stimulation/5
2021-01-01 10:39:08.329956,0.0,photic_stimulation/5
2021-01-01 10:39:08.395020,0.0,photic_stimulation/5
2021-01-01 10:39:08.464966,0.0,photic_stimulation/5
2021-01-01 10:39:08.530029,0.0,photic_stimulation/5
2021-01-01 10:39:08.594971,0.0,photic_stimulation/5
2021-01-01 10:39:08.665039,0.0,photic_stimulation/5
2021-01-01 10:39:08.734985,0.0,photic_stimulation/5
2021-01-01 10:39:08.800049,0.0,photic_stimulation/5
2021-01-01 10:39:08.864990,0.0,photic_stimulation/5
2021-01-01 10:39:08.930054,0.0,photic_stimulation/5
2021-01-01 10:39:08.994995,0.0,photic_stimulation/5
2021-01-01 10:39:09.064941,0.0,photic_stimulation/5
2021-01-01 10:39:09.130005,0.0,photic_stimulation/5
2021-01-01 10:39:09.194946,0.0,photic_stimulation/5
2021-01-01 10:39:09.265015,0.0,photic_stimulation/5
2021-01-01 10:39:09.329956,0.0,photic_stimulation/5
2021-01-01 10:39:09.395020,0.0,photic_stimulation/5
2021-01-01 10:39:09.464966,0.0,photic_stimulation/5
2021-01-01 10:39:09.535034,0.0,photic_stimulation/5
2021-01-01 10:39:09.599976,0.0,photic_stimulation/5
2021-01-01 10:39:09.665039,0.0,photic_stimulation/5
2021-01-01 10:39:14.719971,0.0,photic_stimulation/5
2021-01-01 10:39:14.770020,0.0,photic_stimulation/5
2021-01-01 10:39:14.819946,0.0,photic_stimulation/5
2021-01-01 10:39:14.869995,0.0,photic_stimulation/5
2021-01-01 10:39:14.920044,0.0,photic_stimulation/5
2021-01-01 10:39:14.969971,0.0,photic_stimulation/5
2021-01-01 10:39:15.020020,0.0,photic_stimulation/5
2021-01-01 10:39:15.069946,0.0,photic_stimulation/5
2021-01-01 10:39:15.119995,0.0,photic_stimulation/5
2021-01-01 10:39:15.170044,0.0,photic_stimulation/5
2021-01-01 10:39:15.219971,0.0,photic_stimulation/5
2021-01-01 10:39:15.270020,0.0,photic_stimulation/5
2021-01-01 10:39:15.319946,0.0,photic_stimulation/5
2021-01-01 10:39:15.369995,0.0,photic_stimulation/5
2021-01-01 10:39:15.420044,0.0,photic_stimulation/5
2021-01-01 10:39:15.469971,0.0,photic_stimulation/5
2021-01-01 10:39:15.520020,0.0,photic_stimulation/5
2021-01-01 10:39:15.569946,0.0,photic_stimulation/5
2021-01-01 10:39:15.619995,0.0,photic_stimulation/5
2021-01-01 10:39:15.670044,0.0,photic_stimulation/5
2021-01-01 10:39:15.719971,0.0,photic_stimulation/5
2021-01-01 10:39:15.770020,0.0,photic_stimulation/5
2021-01-01 10:39:15.819946,0.0,photic_stimulation/5
2021-01-01 10:39:15.869995,0.0,photic_stimulation/5
2021-01-01 10:39:15.920044,0.0,photic_stimulation/5
2021-01-01 10:39:15.969971,0.0,photic_stimulation/5
2021-01-01 10:39:16.020020,0.0,photic_stimulation/5
2021-01-01 10:39:16.069946,0.0,photic_stimulation/5
2021-01-01 10:39:16.119995,0.0,photic_stimulation/5
2021-01-01 10:39:16.170044,0.0,photic_stimulation/5
2021-01-01 10:39:16.219971,0.0,photic_stimulation/5
2021-01-01 10:39:16.270020,0.0,photic_stimulation/5
2021-01-01 10:39:16.319946,0.0,photic_stimulation/5
2021-01-01 10:39:16.369995,0.0,photic_stimulation/5
2021-01-01 10:39:16.420044,0.0,photic_stimulation/5
2021-01-01 10:39:16.469971,0.0,photic_stimulation/5
2021-01-01 10:39:16.520020,0.0,photic_stimulation/5
2021-01-01 10:39:16.574951,0.0,photic_stimulation/5
2021-01-01 10:39:16.619995,0.0,photic_stimulation/5
2021-01-01 10:39:16.670044,0.0,photic_stimulation/5
2021-01-01 10:39:16.719971,0.0,photic_stimulation/5
2021-01-01 10:39:16.770020,0.0,photic_stimulation/5
2021-01-01 10:39:16.819946,0.0,photic_stimulation/5
2021-01-01 10:39:16.869995,0.0,photic_stimulation/5
2021-01-01 10:39:16.920044,0.0,photic_stimulation/5
2021-01-01 10:39:16.969971,0.0,photic_stimulation/5
2021-01-01 10:39:17.020020,0.0,photic_stimulation/5
2021-01-01 10:39:17.074951,0.0,photic_stimulation/5
2021-01-01 10:39:17.119995,0.0,photic_stimulation/5
2021-01-01 10:39:17.170044,0.0,photic_stimulation/5
2021-01-01 10:39:17.224976,0.0,photic_stimulation/5
2021-01-01 10:39:17.270020,0.0,photic_stimulation/5
2021-01-01 10:39:17.319946,0.0,photic_stimulation/5
2021-01-01 10:39:17.375000,0.0,photic_stimulation/5
2021-01-01 10:39:17.420044,0.0,photic_stimulation/5
2021-01-01 10:39:17.469971,0.0,photic_stimulation/5
2021-01-01 10:39:17.520020,0.0,photic_stimulation/5
2021-01-01 10:39:17.569946,0.0,photic_stimulation/5
2021-01-01 10:39:17.619995,0.0,photic_stimulation/5
2021-01-01 10:39:17.670044,0.0,photic_stimulation/5
2021-01-01 10:39:17.719971,0.0,photic_stimulation/5
2021-01-01 10:39:17.770020,0.0,photic_stimulation/5
2021-01-01 10:39:17.819946,0.0,photic_stimulation/5
2021-01-01 10:39:17.875000,0.0,photic_stimulation/5
2021-01-01 10:39:17.920044,0.0,photic_stimulation/5
2021-01-01 10:39:17.969971,0.0,photic_stimulation/5
2021-01-01 10:39:18.025024,0.0,photic_stimulation/5
2021-01-01 10:39:18.069946,0.0,photic_stimulation/5
2021-01-01 10:39:18.119995,0.0,photic_stimulation/5
2021-01-01 10:39:18.170044,0.0,photic_stimulation/5
2021-01-01 10:39:18.219971,0.0,photic_stimulation/5
2021-01-01 10:39:18.270020,0.0,photic_stimulation/5
2021-01-01 10:39:18.319946,0.0,photic_stimulation/5
2021-01-01 10:39:18.375000,0.0,photic_stimulation/5
2021-01-01 10:39:18.420044,0.0,photic_stimulation/5
2021-01-01 10:39:18.469971,0.0,photic_stimulation/5
2021-01-01 10:39:18.525024,0.0,photic_stimulation/5
2021-01-01 10:39:18.569946,0.0,photic_stimulation/5
2021-01-01 10:39:18.619995,0.0,photic_stimulation/5
2021-01-01 10:39:18.675049,0.0,photic_stimulation/5
2021-01-01 10:39:18.719971,0.0,photic_stimulation/5
2021-01-01 10:39:18.770020,0.0,photic_stimulation/5
2021-01-01 10:39:18.819946,0.0,photic_stimulation/5
2021-01-01 10:39:18.869995,0.0,photic_stimulation/5
2021-01-01 10:39:18.920044,0.0,photic_stimulation/5
2021-01-01 10:39:18.969971,0.0,photic_stimulation/5
2021-01-01 10:39:19.025024,0.0,photic_stimulation/5
2021-01-01 10:39:19.069946,0.0,photic_stimulation/5
2021-01-01 10:39:19.125000,0.0,photic_stimulation/5
2021-01-01 10:39:19.175049,0.0,photic_stimulation/5
2021-01-01 10:39:19.219971,0.0,photic_stimulation/5
2021-01-01 10:39:19.270020,0.0,photic_stimulation/5
2021-01-01 10:39:19.324951,0.0,photic_stimulation/5
2021-01-01 10:39:19.369995,0.0,photic_stimulation/5
2021-01-01 10:39:19.420044,0.0,photic_stimulation/5
2021-01-01 10:39:19.469971,0.0,photic_stimulation/5
2021-01-01 10:39:19.520020,0.0,photic_stimulation/5
2021-01-01 10:39:19.569946,0.0,photic_stimulation/5
2021-01-01 10:39:19.619995,0.0,photic_stimulation/5
2021-01-01 10:39:19.675049,0.0,photic_stimulation/5
2021-01-01 10:39:19.719971,0.0,photic_stimulation/5
2021-01-01 10:39:19.770020,0.0,photic_stimulation/5
2021-01-01 10:39:19.824951,0.0,photic_stimulation/5
2021-01-01 10:39:19.869995,0.0,photic_stimulation/5
2021-01-01 10:39:19.925049,0.0,photic_stimulation/5
2021-01-01 10:39:19.974976,0.0,photic_stimulation/5
2021-01-01 10:39:20.020020,0.0,photic_stimulation/5
2021-01-01 10:39:20.069946,0.0,photic_stimulation/5
2021-01-01 10:39:20.119995,0.0,photic_stimulation/5
2021-01-01 10:39:20.175049,0.0,photic_stimulation/5
2021-01-01 10:39:20.219971,0.0,photic_stimulation/5
2021-01-01 10:39:20.270020,0.0,photic_stimulation/5
2021-01-01 10:39:20.319946,0.0,photic_stimulation/5
2021-01-01 10:39:20.369995,0.0,photic_stimulation/5
2021-01-01 10:39:20.420044,0.0,photic_stimulation/5
2021-01-01 10:39:20.474976,0.0,photic_stimulation/5
2021-01-01 10:39:20.520020,0.0,photic_stimulation/5
2021-01-01 10:39:20.569946,0.0,photic_stimulation/5
2021-01-01 10:39:20.625000,0.0,photic_stimulation/5
2021-01-01 10:39:20.670044,0.0,photic_stimulation/5
2021-01-01 10:39:20.724976,0.0,photic_stimulation/5
2021-01-01 10:39:20.770020,0.0,photic_stimulation/5
2021-01-01 10:39:20.819946,0.0,photic_stimulation/5
2021-01-01 10:39:20.869995,0.0,photic_stimulation/5
2021-01-01 10:39:20.920044,0.0,photic_stimulation/5
2021-01-01 10:39:20.974976,0.0,photic_stimulation/5
2021-01-01 10:39:21.020020,0.0,photic_stimulation/5
2021-01-01 10:39:21.069946,0.0,photic_stimulation/5
2021-01-01 10:39:21.119995,0.0,photic_stimulation/5
2021-01-01 10:39:21.170044,0.0,photic_stimulation/5
2021-01-01 10:39:21.219971,0.0,photic_stimulation/5
2021-01-01 10:39:21.275024,0.0,photic_stimulation/5
2021-01-01 10:39:21.319946,0.0,photic_stimulation/5
2021-01-01 10:39:21.369995,0.0,photic_stimulation/5
2021-01-01 10:39:21.420044,0.0,photic_stimulation/5
2021-01-01 10:39:21.469971,0.0,photic_stimulation/5
2021-01-01 10:39:21.520020,0.0,photic_stimulation/5
2021-01-01 10:39:21.569946,0.0,photic_stimulation/5
2021-01-01 10:39:21.625000,0.0,photic_stimulation/5
2021-01-01 10:39:21.670044,0.0,photic_stimulation/5
2021-01-01 10:39:21.719971,0.0,photic_stimulation/5
2021-01-01 10:39:21.775024,0.0,photic_stimulation/5
2021-01-01 10:39:21.819946,0.0,photic_stimulation/5
2021-01-01 10:39:21.869995,0.0,photic_stimulation/5
2021-01-01 10:39:21.925049,0.0,photic_stimulation/5
2021-01-01 10:39:21.969971,0.0,photic_stimulation/5
2021-01-01 10:39:22.020020,0.0,photic_stimulation/5
2021-01-01 10:39:22.069946,0.0,photic_stimulation/5
2021-01-01 10:39:22.119995,0.0,photic_stimulation/5
2021-01-01 10:39:22.170044,0.0,photic_stimulation/5
2021-01-01 10:39:22.219971,0.0,photic_stimulation/5
2021-01-01 10:39:22.275024,0.0,photic_stimulation/5
2021-01-01 10:39:22.319946,0.0,photic_stimulation/5
2021-01-01 10:39:22.375000,0.0,photic_stimulation/5
2021-01-01 10:39:22.425049,0.0,photic_stimulation/5
2021-01-01 10:39:22.474976,0.0,photic_stimulation/5
2021-01-01 10:39:22.525024,0.0,photic_stimulation/5
2021-01-01 10:39:22.574951,0.0,photic_stimulation/5
2021-01-01 10:39:22.625000,0.0,photic_stimulation/5
2021-01-01 10:39:22.675049,0.0,photic_stimulation/5
2021-01-01 10:39:22.724976,0.0,photic_stimulation/5
2021-01-01 10:39:22.775024,0.0,photic_stimulation/5
2021-01-01 10:39:22.824951,0.0,photic_stimulation/5
2021-01-01 10:39:22.875000,0.0,photic_stimulation/5
2021-01-01 10:39:22.925049,0.0,photic_stimulation/5
2021-01-01 10:39:22.974976,0.0,photic_stimulation/5
2021-01-01 10:39:23.025024,0.0,photic_stimulation/5
2021-01-01 10:39:23.074951,0.0,photic_stimulation/5
2021-01-01 10:39:23.125000,0.0,photic_stimulation/5
2021-01-01 10:39:23.175049,0.0,photic_stimulation/5
2021-01-01 10:39:23.224976,0.0,photic_stimulation/5
2021-01-01 10:39:23.275024,0.0,photic_stimulation/5
2021-01-01 10:39:23.324951,0.0,photic_stimulation/5
2021-01-01 10:39:23.375000,0.0,photic_stimulation/5
2021-01-01 10:39:23.425049,0.0,photic_stimulation/5
2021-01-01 10:39:23.474976,0.0,photic_stimulation/5
2021-01-01 10:39:23.525024,0.0,photic_stimulation/5
2021-01-01 10:39:23.574951,0.0,photic_stimulation/5
2021-01-01 10:39:23.625000,0.0,photic_stimulation/5
2021-01-01 10:39:23.675049,0.0,photic_stimulation/5
2021-01-01 10:39:23.724976,0.0,photic_stimulation/5
2021-01-01 10:39:23.775024,0.0,photic_stimulation/5
2021-01-01 10:39:23.824951,0.0,photic_stimulation/5
2021-01-01 10:39:23.875000,0.0,photic_stimulation/5
2021-01-01 10:39:23.925049,0.0,photic_stimulation/5
2021-01-01 10:39:23.974976,0.0,photic_stimulation/5
2021-01-01 10:39:24.025024,0.0,photic_stimulation/5
2021-01-01 10:39:24.074951,0.0,photic_stimulation/5
2021-01-01 10:39:24.125000,0.0,photic_stimulation/5
2021-01-01 10:39:24.175049,0.0,photic_stimulation/5
2021-01-01 10:39:24.224976,0.0,photic_stimulation/5
2021-01-01 10:39:24.275024,0.0,photic_stimulation/5
2021-01-01 10:39:24.324951,0.0,photic_stimulation/5
2021-01-01 10:39:24.375000,0.0,photic_stimulation/5
2021-01-01 10:39:24.425049,0.0,photic_stimulation/5
2021-01-01 10:39:24.474976,0.0,photic_stimulation/5
2021-01-01 10:39:24.525024,0.0,photic_stimulation/5
2021-01-01 10:39:24.574951,0.0,photic_stimulation/5
2021-01-01 10:39:24.625000,0.0,photic_stimulation/5
2021-01-01 10:39:24.675049,0.0,photic_stimulation/5
2021-01-01 10:39:29.709961,0.0,photic_stimulation/5
2021-01-01 10:39:29.750000,0.0,photic_stimulation/5
2021-01-01 10:39:29.790039,0.0,photic_stimulation/5
2021-01-01 10:39:29.829956,0.0,photic_stimulation/5
2021-01-01 10:39:29.869995,0.0,photic_stimulation/5
2021-01-01 10:39:29.915039,0.0,photic_stimulation/5
2021-01-01 10:39:29.949951,0.0,photic_stimulation/5
2021-01-01 10:39:29.989990,0.0,photic_stimulation/5
2021-01-01 10:39:30.030029,0.0,photic_stimulation/5
2021-01-01 10:39:30.074951,0.0,photic_stimulation/5
2021-01-01 10:39:30.109985,0.0,photic_stimulation/5
2021-01-01 10:39:30.150024,0.0,photic_stimulation/5
2021-01-01 10:39:30.189941,0.0,photic_stimulation/5
2021-01-01 10:39:30.234985,0.0,photic_stimulation/5
2021-01-01 10:39:30.270020,0.0,photic_stimulation/5
2021-01-01 10:39:30.310059,0.0,photic_stimulation/5
2021-01-01 10:39:30.349976,0.0,photic_stimulation/5
2021-01-01 10:39:30.395020,0.0,photic_stimulation/5
2021-01-01 10:39:30.430054,0.0,photic_stimulation/5
2021-01-01 10:39:30.469971,0.0,photic_stimulation/5
2021-01-01 10:39:30.510010,0.0,photic_stimulation/5
2021-01-01 10:39:30.555054,0.0,photic_stimulation/5
2021-01-01 10:39:30.589966,0.0,photic_stimulation/5
2021-01-01 10:39:30.630005,0.0,photic_stimulation/5
2021-01-01 10:39:30.670044,0.0,photic_stimulation/5
2021-01-01 10:39:30.714966,0.0,photic_stimulation/5
2021-01-01 10:39:30.750000,0.0,photic_stimulation/5
2021-01-01 10:39:30.790039,0.0,photic_stimulation/5
2021-01-01 10:39:30.829956,0.0,photic_stimulation/5
2021-01-01 10:39:30.875000,0.0,photic_stimulation/5
2021-01-01 10:39:30.910034,0.0,photic_stimulation/5
2021-01-01 10:39:30.949951,0.0,photic_stimulation/5
2021-01-01 10:39:30.989990,0.0,photic_stimulation/5
2021-01-01 10:39:31.035034,0.0,photic_stimulation/5
2021-01-01 10:39:31.069946,0.0,photic_stimulation/5
2021-01-01 10:39:31.109985,0.0,photic_stimulation/5
2021-01-01 10:39:31.150024,0.0,photic_stimulation/5
2021-01-01 10:39:31.194946,0.0,photic_stimulation/5
2021-01-01 10:39:31.229980,0.0,photic_stimulation/5
2021-01-01 10:39:31.270020,0.0,photic_stimulation/5
2021-01-01 10:39:31.310059,0.0,photic_stimulation/5
2021-01-01 10:39:31.349976,0.0,photic_stimulation/5
2021-01-01 10:39:31.390015,0.0,photic_stimulation/5
2021-01-01 10:39:31.430054,0.0,photic_stimulation/5
2021-01-01 10:39:31.469971,0.0,photic_stimulation/5
2021-01-01 10:39:31.510010,0.0,photic_stimulation/5
2021-01-01 10:39:31.555054,0.0,photic_stimulation/5
2021-01-01 10:39:31.589966,0.0,photic_stimulation/5
2021-01-01 10:39:31.630005,0.0,photic_stimulation/5
2021-01-01 10:39:31.670044,0.0,photic_stimulation/5
2021-01-01 10:39:31.714966,0.0,photic_stimulation/5
2021-01-01 10:39:31.750000,0.0,photic_stimulation/5
2021-01-01 10:39:31.790039,0.0,photic_stimulation/5
2021-01-01 10:39:31.829956,0.0,photic_stimulation/5
2021-01-01 10:39:31.875000,0.0,photic_stimulation/5
2021-01-01 10:39:31.910034,0.0,photic_stimulation/5
2021-01-01 10:39:31.949951,0.0,photic_stimulation/5
2021-01-01 10:39:31.989990,0.0,photic_stimulation/5
2021-01-01 10:39:32.035034,0.0,photic_stimulation/5
2021-01-01 10:39:32.069946,0.0,photic_stimulation/5
2021-01-01 10:39:32.114990,0.0,photic_stimulation/5
2021-01-01 10:39:32.155029,0.0,photic_stimulation/5
2021-01-01 10:39:32.194946,0.0,photic_stimulation/5
2021-01-01 10:39:32.234985,0.0,photic_stimulation/5
2021-01-01 10:39:32.275024,0.0,photic_stimulation/5
2021-01-01 10:39:32.314941,0.0,photic_stimulation/5
2021-01-01 10:39:32.354980,0.0,photic_stimulation/5
2021-01-01 10:39:32.395020,0.0,photic_stimulation/5
2021-01-01 10:39:32.435059,0.0,photic_stimulation/5
2021-01-01 10:39:32.474976,0.0,photic_stimulation/5
2021-01-01 10:39:32.515015,0.0,photic_stimulation/5
2021-01-01 10:39:32.555054,0.0,photic_stimulation/5
2021-01-01 10:39:32.594971,0.0,photic_stimulation/5
2021-01-01 10:39:32.635010,0.0,photic_stimulation/5
2021-01-01 10:39:32.675049,0.0,photic_stimulation/5
2021-01-01 10:39:32.714966,0.0,photic_stimulation/5
2021-01-01 10:39:32.755005,0.0,photic_stimulation/5
2021-01-01 10:39:32.795044,0.0,photic_stimulation/5
2021-01-01 10:39:32.834961,0.0,photic_stimulation/5
2021-01-01 10:39:32.875000,0.0,photic_stimulation/5
2021-01-01 10:39:32.915039,0.0,photic_stimulation/5
2021-01-01 10:39:32.954956,0.0,photic_stimulation/5
2021-01-01 10:39:32.994995,0.0,photic_stimulation/5
2021-01-01 10:39:33.035034,0.0,photic_stimulation/5
2021-01-01 10:39:33.074951,0.0,photic_stimulation/5
2021-01-01 10:39:33.114990,0.0,photic_stimulation/5
2021-01-01 10:39:33.155029,0.0,photic_stimulation/5
2021-01-01 10:39:33.194946,0.0,photic_stimulation/5
2021-01-01 10:39:33.234985,0.0,photic_stimulation/5
2021-01-01 10:39:33.275024,0.0,photic_stimulation/5
2021-01-01 10:39:33.314941,0.0,photic_stimulation/5
2021-01-01 10:39:33.354980,0.0,photic_stimulation/5
2021-01-01 10:39:33.395020,0.0,photic_stimulation/5
2021-01-01 10:39:33.435059,0.0,photic_stimulation/5
2021-01-01 10:39:33.474976,0.0,photic_stimulation/5
2021-01-01 10:39:33.515015,0.0,photic_stimulation/5
2021-01-01 10:39:33.555054,0.0,photic_stimulation/5
2021-01-01 10:39:33.594971,0.0,photic_stimulation/5
2021-01-01 10:39:33.635010,0.0,photic_stimulation/5
2021-01-01 10:39:33.675049,0.0,photic_stimulation/5
2021-01-01 10:39:33.714966,0.0,photic_stimulation/5
2021-01-01 10:39:33.755005,0.0,photic_stimulation/5
2021-01-01 10:39:33.795044,0.0,photic_stimulation/5
2021-01-01 10:39:33.834961,0.0,photic_stimulation/5
2021-01-01 10:39:33.875000,0.0,photic_stimulation/5
2021-01-01 10:39:33.915039,0.0,photic_stimulation/5
2021-01-01 10:39:33.954956,0.0,photic_stimulation/5
2021-01-01 10:39:33.994995,0.0,photic_stimulation/5
2021-01-01 10:39:34.035034,0.0,photic_stimulation/5
2021-01-01 10:39:34.074951,0.0,photic_stimulation/5
2021-01-01 10:39:34.114990,0.0,photic_stimulation/5
2021-01-01 10:39:34.155029,0.0,photic_stimulation/5
2021-01-01 10:39:34.194946,0.0,photic_stimulation/5
2021-01-01 10:39:34.234985,0.0,photic_stimulation/5
2021-01-01 10:39:34.275024,0.0,photic_stimulation/5
2021-01-01 10:39:34.314941,0.0,photic_stimulation/5
2021-01-01 10:39:34.354980,0.0,photic_stimulation/5
2021-01-01 10:39:34.395020,0.0,photic_stimulation/5
2021-01-01 10:39:34.435059,0.0,photic_stimulation/5
2021-01-01 10:39:34.474976,0.0,photic_stimulation/5
2021-01-01 10:39:34.515015,0.0,photic_stimulation/5
2021-01-01 10:39:34.555054,0.0,photic_stimulation/5
2021-01-01 10:39:34.594971,0.0,photic_stimulation/5
2021-01-01 10:39:34.635010,0.0,photic_stimulation/5
2021-01-01 10:39:34.675049,0.0,photic_stimulation/5
2021-01-01 10:39:34.714966,0.0,photic_stimulation/5
2021-01-01 10:39:34.755005,0.0,photic_stimulation/5
2021-01-01 10:39:34.795044,0.0,photic_stimulation/5
2021-01-01 10:39:34.834961,0.0,photic_stimulation/5
2021-01-01 10:39:34.875000,0.0,photic_stimulation/5
2021-01-01 10:39:34.915039,0.0,photic_stimulation/5
2021-01-01 10:39:34.954956,0.0,photic_stimulation/5
2021-01-01 10:39:34.994995,0.0,photic_stimulation/5
2021-01-01 10:39:35.035034,0.0,photic_stimulation/5
2021-01-01 10:39:35.074951,0.0,photic_stimulation/5
2021-01-01 10:39:35.114990,0.0,photic_stimulation/5
2021-01-01 10:39:35.155029,0.0,photic_stimulation/5
2021-01-01 10:39:35.194946,0.0,photic_stimulation/5
2021-01-01 10:39:35.234985,0.0,photic_stimulation/5
2021-01-01 10:39:35.275024,0.0,photic_stimulation/5
2021-01-01 10:39:35.314941,0.0,photic_stimulation/5
2021-01-01 10:39:35.354980,0.0,photic_stimulation/5
2021-01-01 10:39:35.395020,0.0,photic_stimulation/5
2021-01-01 10:39:35.435059,0.0,photic_stimulation/5
2021-01-01 10:39:35.474976,0.0,photic_stimulation/5
2021-01-01 10:39:35.515015,0.0,photic_stimulation/5
2021-01-01 10:39:35.555054,0.0,photic_stimulation/5
2021-01-01 10:39:35.594971,0.0,photic_stimulation/5
2021-01-01 10:39:35.635010,0.0,photic_stimulation/5
2021-01-01 10:39:35.675049,0.0,photic_stimulation/5
2021-01-01 10:39:35.714966,0.0,photic_stimulation/5
2021-01-01 10:39:35.755005,0.0,photic_stimulation/5
2021-01-01 10:39:35.795044,0.0,photic_stimulation/5
2021-01-01 10:39:35.834961,0.0,photic_stimulation/5
2021-01-01 10:39:35.875000,0.0,photic_stimulation/5
2021-01-01 10:39:35.915039,0.0,photic_stimulation/5
2021-01-01 10:39:35.954956,0.0,photic_stimulation/5
2021-01-01 10:39:35.994995,0.0,photic_stimulation/5
2021-01-01 10:39:36.035034,0.0,photic_stimulation/5
2021-01-01 10:39:36.074951,0.0,photic_stimulation/5
2021-01-01 10:39:36.114990,0.0,photic_stimulation/5
2021-01-01 10:39:36.155029,0.0,photic_stimulation/5
2021-01-01 10:39:36.194946,0.0,photic_stimulation/5
2021-01-01 10:39:36.234985,0.0,photic_stimulation/5
2021-01-01 10:39:36.275024,0.0,photic_stimulation/5
2021-01-01 10:39:36.314941,0.0,photic_stimulation/5
2021-01-01 10:39:36.354980,0.0,photic_stimulation/5
2021-01-01 10:39:36.395020,0.0,photic_stimulation/5
2021-01-01 10:39:36.435059,0.0,photic_stimulation/5
2021-01-01 10:39:36.474976,0.0,photic_stimulation/5
2021-01-01 10:39:36.515015,0.0,photic_stimulation/5
2021-01-01 10:39:36.555054,0.0,photic_stimulation/5
2021-01-01 10:39:36.594971,0.0,photic_stimulation/5
2021-01-01 10:39:36.635010,0.0,photic_stimulation/5
2021-01-01 10:39:36.675049,0.0,photic_stimulation/5
2021-01-01 10:39:36.714966,0.0,photic_stimulation/5
2021-01-01 10:39:36.755005,0.0,photic_stimulation/5
2021-01-01 10:39:36.795044,0.0,photic_stimulation/5
2021-01-01 10:39:36.834961,0.0,photic_stimulation/5
2021-01-01 10:39:36.875000,0.0,photic_stimulation/5
2021-01-01 10:39:36.915039,0.0,photic_stimulation/5
2021-01-01 10:39:36.954956,0.0,photic_stimulation/5
2021-01-01 10:39:36.994995,0.0,photic_stimulation/5
2021-01-01 10:39:37.035034,0.0,photic_stimulation/5
2021-01-01 10:39:37.074951,0.0,photic_stimulation/5
2021-01-01 10:39:37.114990,0.0,photic_stimulation/5
2021-01-01 10:39:37.155029,0.0,photic_stimulation/5
2021-01-01 10:39:37.194946,0.0,photic_stimulation/5
2021-01-01 10:39:37.234985,0.0,photic_stimulation/5
2021-01-01 10:39:37.275024,0.0,photic_stimulation/5
2021-01-01 10:39:37.314941,0.0,photic_stimulation/5
2021-01-01 10:39:37.354980,0.0,photic_stimulation/5
2021-01-01 10:39:37.395020,0.0,photic_stimulation/5
2021-01-01 10:39:37.435059,0.0,photic_stimulation/5
2021-01-01 10:39:37.474976,0.0,photic_stimulation/5
2021-01-01 10:39:37.515015,0.0,photic_stimulation/5
2021-01-01 10:39:37.555054,0.0,photic_stimulation/5
2021-01-01 10:39:37.594971,0.0,photic_stimulation/5
2021-01-01 10:39:37.635010,0.0,photic_stimulation/5
2021-01-01 10:39:37.675049,0.0,photic_stimulation/5
2021-01-01 10:39:37.714966,0.0,photic_stimulation/5
2021-01-01 10:39:37.755005,0.0,photic_stimulation/5
2021-01-01 10:39:37.795044,0.0,photic_stimulation/5
2021-01-01 10:39:37.834961,0.0,photic_stimulation/5
2021-01-01 10:39:37.875000,0.0,photic_stimulation/5
2021-01-01 10:39:37.915039,0.0,photic_stimulation/5
2021-01-01 10:39:37.954956,0.0,photic_stimulation/5
2021-01-01 10:39:37.994995,0.0,photic_stimulation/5
2021-01-01 10:39:38.040039,0.0,photic_stimulation/5
2021-01-01 10:39:38.074951,0.0,photic_stimulation/5
2021-01-01 10:39:38.114990,0.0,photic_stimulation/5
2021-01-01 10:39:38.155029,0.0,photic_stimulation/5
2021-01-01 10:39:38.199951,0.0,photic_stimulation/5
2021-01-01 10:39:38.234985,0.0,photic_stimulation/5
2021-01-01 10:39:38.275024,0.0,photic_stimulation/5
2021-01-01 10:39:38.314941,0.0,photic_stimulation/5
2021-01-01 10:39:38.359985,0.0,photic_stimulation/5
2021-01-01 10:39:38.395020,0.0,photic_stimulation/5
2021-01-01 10:39:38.435059,0.0,photic_stimulation/5
2021-01-01 10:39:38.474976,0.0,photic_stimulation/5
2021-01-01 10:39:38.520020,0.0,photic_stimulation/5
2021-01-01 10:39:38.555054,0.0,photic_stimulation/5
2021-01-01 10:39:38.594971,0.0,photic_stimulation/5
2021-01-01 10:39:38.635010,0.0,photic_stimulation/5
2021-01-01 10:39:38.680054,0.0,photic_stimulation/5
2021-01-01 10:39:38.714966,0.0,photic_stimulation/5
2021-01-01 10:39:38.755005,0.0,photic_stimulation/5
2021-01-01 10:39:38.795044,0.0,photic_stimulation/5
2021-01-01 10:39:38.839966,0.0,photic_stimulation/5
2021-01-01 10:39:38.875000,0.0,photic_stimulation/5
2021-01-01 10:39:38.915039,0.0,photic_stimulation/5
2021-01-01 10:39:38.954956,0.0,photic_stimulation/5
2021-01-01 10:39:39.000000,0.0,photic_stimulation/5
2021-01-01 10:39:39.035034,0.0,photic_stimulation/5
2021-01-01 10:39:39.074951,0.0,photic_stimulation/5
2021-01-01 10:39:39.114990,0.0,photic_stimulation/5
2021-01-01 10:39:39.160034,0.0,photic_stimulation/5
2021-01-01 10:39:39.194946,0.0,photic_stimulation/5
2021-01-01 10:39:39.234985,0.0,photic_stimulation/5
2021-01-01 10:39:39.275024,0.0,photic_stimulation/5
2021-01-01 10:39:39.319946,0.0,photic_stimulation/5
2021-01-01 10:39:39.354980,0.0,photic_stimulation/5
2021-01-01 10:39:39.395020,0.0,photic_stimulation/5
2021-01-01 10:39:39.435059,0.0,photic_stimulation/5
2021-01-01 10:39:39.479980,0.0,photic_stimulation/5
2021-01-01 10:39:39.515015,0.0,photic_stimulation/5
2021-01-01 10:39:39.555054,0.0,photic_stimulation/5
2021-01-01 10:39:39.594971,0.0,photic_stimulation/5
2021-01-01 10:39:39.635010,0.0,photic_stimulation/5
2021-01-01 10:39:39.680054,0.0,photic_stimulation/5
2021-01-01 10:39:44.704956,0.0,photic_stimulation/5
2021-01-01 10:39:44.734985,0.0,photic_stimulation/5
2021-01-01 10:39:44.770020,0.0,photic_stimulation/5
2021-01-01 10:39:44.805054,0.0,photic_stimulation/5
2021-01-01 10:39:44.834961,0.0,photic_stimulation/5
2021-01-01 10:39:44.869995,0.0,photic_stimulation/5
2021-01-01 10:39:44.905029,0.0,photic_stimulation/5
2021-01-01 10:39:44.939941,0.0,photic_stimulation/5
2021-01-01 10:39:44.969971,0.0,photic_stimulation/5
2021-01-01 10:39:45.005005,0.0,photic_stimulation/5
2021-01-01 10:39:45.035034,0.0,photic_stimulation/5
2021-01-01 10:39:45.069946,0.0,photic_stimulation/5
2021-01-01 10:39:45.104980,0.0,photic_stimulation/5
2021-01-01 10:39:45.135010,0.0,photic_stimulation/5
2021-01-01 10:39:45.170044,0.0,photic_stimulation/5
2021-01-01 10:39:45.204956,0.0,photic_stimulation/5
2021-01-01 10:39:45.234985,0.0,photic_stimulation/5
2021-01-01 10:39:45.270020,0.0,photic_stimulation/5
2021-01-01 10:39:45.305054,0.0,photic_stimulation/5
2021-01-01 10:39:45.334961,0.0,photic_stimulation/5
2021-01-01 10:39:45.375000,0.0,photic_stimulation/5
2021-01-01 10:39:45.405029,0.0,photic_stimulation/5
2021-01-01 10:39:45.439941,0.0,photic_stimulation/5
2021-01-01 10:39:45.469971,0.0,photic_stimulation/5
2021-01-01 10:39:45.505005,0.0,photic_stimulation/5
2021-01-01 10:39:45.535034,0.0,photic_stimulation/5
2021-01-01 10:39:45.569946,0.0,photic_stimulation/5
2021-01-01 10:39:45.604980,0.0,photic_stimulation/5
2021-01-01 10:39:45.635010,0.0,photic_stimulation/5
2021-01-01 10:39:45.670044,0.0,photic_stimulation/5
2021-01-01 10:39:45.704956,0.0,photic_stimulation/5
2021-01-01 10:39:45.734985,0.0,photic_stimulation/5
2021-01-01 10:39:45.770020,0.0,photic_stimulation/5
2021-01-01 10:39:45.805054,0.0,photic_stimulation/5
2021-01-01 10:39:45.834961,0.0,photic_stimulation/5
2021-01-01 10:39:45.875000,0.0,photic_stimulation/5
2021-01-01 10:39:45.905029,0.0,photic_stimulation/5
2021-01-01 10:39:45.939941,0.0,photic_stimulation/5
2021-01-01 10:39:45.969971,0.0,photic_stimulation/5
2021-01-01 10:39:46.005005,0.0,photic_stimulation/5
2021-01-01 10:39:46.035034,0.0,photic_stimulation/5
2021-01-01 10:39:46.069946,0.0,photic_stimulation/5
2021-01-01 10:39:46.104980,0.0,photic_stimulation/5
2021-01-01 10:39:46.135010,0.0,photic_stimulation/5
2021-01-01 10:39:46.170044,0.0,photic_stimulation/5
2021-01-01 10:39:46.204956,0.0,photic_stimulation/5
2021-01-01 10:39:46.234985,0.0,photic_stimulation/5
2021-01-01 10:39:46.270020,0.0,photic_stimulation/5
2021-01-01 10:39:46.305054,0.0,photic_stimulation/5
2021-01-01 10:39:46.334961,0.0,photic_stimulation/5
2021-01-01 10:39:46.369995,0.0,photic_stimulation/5
2021-01-01 10:39:46.405029,0.0,photic_stimulation/5
2021-01-01 10:39:46.439941,0.0,photic_stimulation/5
2021-01-01 10:39:46.469971,0.0,photic_stimulation/5
2021-01-01 10:39:46.505005,0.0,photic_stimulation/5
2021-01-01 10:39:46.540039,0.0,photic_stimulation/5
2021-01-01 10:39:46.569946,0.0,photic_stimulation/5
2021-01-01 10:39:46.604980,0.0,photic_stimulation/5
2021-01-01 10:39:46.640015,0.0,photic_stimulation/5
2021-01-01 10:39:46.675049,0.0,photic_stimulation/5
2021-01-01 10:39:46.704956,0.0,photic_stimulation/5
2021-01-01 10:39:46.739990,0.0,photic_stimulation/5
2021-01-01 10:39:46.770020,0.0,photic_stimulation/5
2021-01-01 10:39:46.805054,0.0,photic_stimulation/5
2021-01-01 10:39:46.839966,0.0,photic_stimulation/5
2021-01-01 10:39:46.869995,0.0,photic_stimulation/5
2021-01-01 10:39:46.905029,0.0,photic_stimulation/5
2021-01-01 10:39:46.939941,0.0,photic_stimulation/5
2021-01-01 10:39:46.969971,0.0,photic_stimulation/5
2021-01-01 10:39:47.005005,0.0,photic_stimulation/5
2021-01-01 10:39:47.040039,0.0,photic_stimulation/5
2021-01-01 10:39:47.069946,0.0,photic_stimulation/5
2021-01-01 10:39:47.104980,0.0,photic_stimulation/5
2021-01-01 10:39:47.140015,0.0,photic_stimulation/5
2021-01-01 10:39:47.175049,0.0,photic_stimulation/5
2021-01-01 10:39:47.204956,0.0,photic_stimulation/5
2021-01-01 10:39:47.239990,0.0,photic_stimulation/5
2021-01-01 10:39:47.270020,0.0,photic_stimulation/5
2021-01-01 10:39:47.305054,0.0,photic_stimulation/5
2021-01-01 10:39:47.339966,0.0,photic_stimulation/5
2021-01-01 10:39:47.369995,0.0,photic_stimulation/5
2021-01-01 10:39:47.405029,0.0,photic_stimulation/5
2021-01-01 10:39:47.439941,0.0,photic_stimulation/5
2021-01-01 10:39:47.469971,0.0,photic_stimulation/5
2021-01-01 10:39:47.505005,0.0,photic_stimulation/5
2021-01-01 10:39:47.540039,0.0,photic_stimulation/5
2021-01-01 10:39:47.569946,0.0,photic_stimulation/5
2021-01-01 10:39:47.604980,0.0,photic_stimulation/5
2021-01-01 10:39:47.640015,0.0,photic_stimulation/5
2021-01-01 10:39:47.675049,0.0,photic_stimulation/5
2021-01-01 10:39:47.704956,0.0,photic_stimulation/5
2021-01-01 10:39:47.739990,0.0,photic_stimulation/5
2021-01-01 10:39:47.770020,0.0,photic_stimulation/5
2021-01-01 10:39:47.805054,0.0,photic_stimulation/5
2021-01-01 10:39:47.839966,0.0,photic_stimulation/5
2021-01-01 10:39:47.869995,0.0,photic_stimulation/5
2021-01-01 10:39:47.905029,0.0,photic_stimulation/5
2021-01-01 10:39:47.939941,0.0,photic_stimulation/5
2021-01-01 10:39:47.969971,0.0,photic_stimulation/5
2021-01-01 10:39:48.005005,0.0,photic_stimulation/5
2021-01-01 10:39:48.040039,0.0,photic_stimulation/5
2021-01-01 10:39:48.069946,0.0,photic_stimulation/5
2021-01-01 10:39:48.104980,0.0,photic_stimulation/5
2021-01-01 10:39:48.140015,0.0,photic_stimulation/5
2021-01-01 10:39:48.175049,0.0,photic_stimulation/5
2021-01-01 10:39:48.204956,0.0,photic_stimulation/5
2021-01-01 10:39:48.239990,0.0,photic_stimulation/5
2021-01-01 10:39:48.270020,0.0,photic_stimulation/5
2021-01-01 10:39:48.305054,0.0,photic_stimulation/5
2021-01-01 10:39:48.339966,0.0,photic_stimulation/5
2021-01-01 10:39:48.369995,0.0,photic_stimulation/5
2021-01-01 10:39:48.410034,0.0,photic_stimulation/5
2021-01-01 10:39:48.439941,0.0,photic_stimulation/5
2021-01-01 10:39:48.474976,0.0,photic_stimulation/5
2021-01-01 10:39:48.505005,0.0,photic_stimulation/5
2021-01-01 10:39:48.540039,0.0,photic_stimulation/5
2021-01-01 10:39:48.569946,0.0,photic_stimulation/5
2021-01-01 10:39:48.604980,0.0,photic_stimulation/5
2021-01-01 10:39:48.640015,0.0,photic_stimulation/5
2021-01-01 10:39:48.675049,0.0,photic_stimulation/5
2021-01-01 10:39:48.704956,0.0,photic_stimulation/5
2021-01-01 10:39:48.739990,0.0,photic_stimulation/5
2021-01-01 10:39:48.770020,0.0,photic_stimulation/5
2021-01-01 10:39:48.805054,0.0,photic_stimulation/5
2021-01-01 10:39:48.839966,0.0,photic_stimulation/5
2021-01-01 10:39:48.869995,0.0,photic_stimulation/5
2021-01-01 10:39:48.910034,0.0,photic_stimulation/5
2021-01-01 10:39:48.939941,0.0,photic_stimulation/5
2021-01-01 10:39:48.969971,0.0,photic_stimulation/5
2021-01-01 10:39:49.005005,0.0,photic_stimulation/5
2021-01-01 10:39:49.040039,0.0,photic_stimulation/5
2021-01-01 10:39:49.074951,0.0,photic_stimulation/5
2021-01-01 10:39:49.104980,0.0,photic_stimulation/5
2021-01-01 10:39:49.140015,0.0,photic_stimulation/5
2021-01-01 10:39:49.175049,0.0,photic_stimulation/5
2021-01-01 10:39:49.204956,0.0,photic_stimulation/5
2021-01-01 10:39:49.239990,0.0,photic_stimulation/5
2021-01-01 10:39:49.275024,0.0,photic_stimulation/5
2021-01-01 10:39:49.305054,0.0,photic_stimulation/5
2021-01-01 10:39:49.339966,0.0,photic_stimulation/5
2021-01-01 10:39:49.375000,0.0,photic_stimulation/5
2021-01-01 10:39:49.410034,0.0,photic_stimulation/5
2021-01-01 10:39:49.439941,0.0,photic_stimulation/5
2021-01-01 10:39:49.474976,0.0,photic_stimulation/5
2021-01-01 10:39:49.505005,0.0,photic_stimulation/5
2021-01-01 10:39:49.540039,0.0,photic_stimulation/5
2021-01-01 10:39:49.574951,0.0,photic_stimulation/5
2021-01-01 10:39:49.604980,0.0,photic_stimulation/5
2021-01-01 10:39:49.640015,0.0,photic_stimulation/5
2021-01-01 10:39:49.675049,0.0,photic_stimulation/5
2021-01-01 10:39:49.704956,0.0,photic_stimulation/5
2021-01-01 10:39:49.739990,0.0,photic_stimulation/5
2021-01-01 10:39:49.775024,0.0,photic_stimulation/5
2021-01-01 10:39:49.805054,0.0,photic_stimulation/5
2021-01-01 10:39:49.839966,0.0,photic_stimulation/5
2021-01-01 10:39:49.875000,0.0,photic_stimulation/5
2021-01-01 10:39:49.910034,0.0,photic_stimulation/5
2021-01-01 10:39:49.939941,0.0,photic_stimulation/5
2021-01-01 10:39:49.974976,0.0,photic_stimulation/5
2021-01-01 10:39:50.005005,0.0,photic_stimulation/5
2021-01-01 10:39:50.040039,0.0,photic_stimulation/5
2021-01-01 10:39:50.074951,0.0,photic_stimulation/5
2021-01-01 10:39:50.104980,0.0,photic_stimulation/5
2021-01-01 10:39:50.140015,0.0,photic_stimulation/5
2021-01-01 10:39:50.175049,0.0,photic_stimulation/5
2021-01-01 10:39:50.204956,0.0,photic_stimulation/5
2021-01-01 10:39:50.239990,0.0,photic_stimulation/5
2021-01-01 10:39:50.275024,0.0,photic_stimulation/5
2021-01-01 10:39:50.305054,0.0,photic_stimulation/5
2021-01-01 10:39:50.339966,0.0,photic_stimulation/5
2021-01-01 10:39:50.375000,0.0,photic_stimulation/5
2021-01-01 10:39:50.410034,0.0,photic_stimulation/5
2021-01-01 10:39:50.439941,0.0,photic_stimulation/5
2021-01-01 10:39:50.474976,0.0,photic_stimulation/5
2021-01-01 10:39:50.505005,0.0,photic_stimulation/5
2021-01-01 10:39:50.540039,0.0,photic_stimulation/5
2021-01-01 10:39:50.574951,0.0,photic_stimulation/5
2021-01-01 10:39:50.604980,0.0,photic_stimulation/5
2021-01-01 10:39:50.640015,0.0,photic_stimulation/5
2021-01-01 10:39:50.675049,0.0,photic_stimulation/5
2021-01-01 10:39:50.709961,0.0,photic_stimulation/5
2021-01-01 10:39:50.739990,0.0,photic_stimulation/5
2021-01-01 10:39:50.775024,0.0,photic_stimulation/5
2021-01-01 10:39:50.805054,0.0,photic_stimulation/5
2021-01-01 10:39:50.839966,0.0,photic_stimulation/5
2021-01-01 10:39:50.875000,0.0,photic_stimulation/5
2021-01-01 10:39:50.905029,0.0,photic_stimulation/5
2021-01-01 10:39:50.939941,0.0,photic_stimulation/5
2021-01-01 10:39:50.974976,0.0,photic_stimulation/5
2021-01-01 10:39:51.005005,0.0,photic_stimulation/5
2021-01-01 10:39:51.040039,0.0,photic_stimulation/5
2021-01-01 10:39:51.074951,0.0,photic_stimulation/5
2021-01-01 10:39:51.104980,0.0,photic_stimulation/5
2021-01-01 10:39:51.145020,0.0,photic_stimulation/5
2021-01-01 10:39:51.175049,0.0,photic_stimulation/5
2021-01-01 10:39:51.209961,0.0,photic_stimulation/5
2021-01-01 10:39:51.239990,0.0,photic_stimulation/5
2021-01-01 10:39:51.275024,0.0,photic_stimulation/5
2021-01-01 10:39:51.305054,0.0,photic_stimulation/5
2021-01-01 10:39:51.339966,0.0,photic_stimulation/5
2021-01-01 10:39:51.375000,0.0,photic_stimulation/5
2021-01-01 10:39:51.405029,0.0,photic_stimulation/5
2021-01-01 10:39:51.439941,0.0,photic_stimulation/5
2021-01-01 10:39:51.474976,0.0,photic_stimulation/5
2021-01-01 10:39:51.505005,0.0,photic_stimulation/5
2021-01-01 10:39:51.540039,0.0,photic_stimulation/5
2021-01-01 10:39:51.574951,0.0,photic_stimulation/5
2021-01-01 10:39:51.604980,0.0,photic_stimulation/5
2021-01-01 10:39:51.645020,0.0,photic_stimulation/5
2021-01-01 10:39:51.675049,0.0,photic_stimulation/5
2021-01-01 10:39:51.709961,0.0,photic_stimulation/5
2021-01-01 10:39:51.739990,0.0,photic_stimulation/5
2021-01-01 10:39:51.775024,0.0,photic_stimulation/5
2021-01-01 10:39:51.810059,0.0,photic_stimulation/5
2021-01-01 10:39:51.839966,0.0,photic_stimulation/5
2021-01-01 10:39:51.875000,0.0,photic_stimulation/5
2021-01-01 10:39:51.910034,0.0,photic_stimulation/5
2021-01-01 10:39:51.939941,0.0,photic_stimulation/5
2021-01-01 10:39:51.974976,0.0,photic_stimulation/5
2021-01-01 10:39:52.010010,0.0,photic_stimulation/5
2021-01-01 10:39:52.040039,0.0,photic_stimulation/5
2021-01-01 10:39:52.074951,0.0,photic_stimulation/5
2021-01-01 10:39:52.109985,0.0,photic_stimulation/5
2021-01-01 10:39:52.140015,0.0,photic_stimulation/5
2021-01-01 10:39:52.175049,0.0,photic_stimulation/5
2021-01-01 10:39:52.209961,0.0,photic_stimulation/5
2021-01-01 10:39:52.244995,0.0,photic_stimulation/5
2021-01-01 10:39:52.275024,0.0,photic_stimulation/5
2021-01-01 10:39:52.310059,0.0,photic_stimulation/5
2021-01-01 10:39:52.339966,0.0,photic_stimulation/5
2021-01-01 10:39:52.375000,0.0,photic_stimulation/5
2021-01-01 10:39:52.410034,0.0,photic_stimulation/5
2021-01-01 10:39:52.444946,0.0,photic_stimulation/5
2021-01-01 10:39:52.474976,0.0,photic_stimulation/5
2021-01-01 10:39:52.510010,0.0,photic_stimulation/5
2021-01-01 10:39:52.540039,0.0,photic_stimulation/5
2021-01-01 10:39:52.574951,0.0,photic_stimulation/5
2021-01-01 10:39:52.609985,0.0,photic_stimulation/5
2021-01-01 10:39:52.645020,0.0,photic_stimulation/5
2021-01-01 10:39:52.675049,0.0,photic_stimulation/5
2021-01-01 10:39:52.709961,0.0,photic_stimulation/5
2021-01-01 10:39:52.739990,0.0,photic_stimulation/5
2021-01-01 10:39:52.775024,0.0,photic_stimulation/5
2021-01-01 10:39:52.810059,0.0,photic_stimulation/5
2021-01-01 10:39:52.839966,0.0,photic_stimulation/5
2021-01-01 10:39:52.875000,0.0,photic_stimulation/5
2021-01-01 10:39:52.910034,0.0,photic_stimulation/5
2021-01-01 10:39:52.944946,0.0,photic_stimulation/5
2021-01-01 10:39:52.974976,0.0,photic_stimulation/5
2021-01-01 10:39:53.010010,0.0,photic_stimulation/5
2021-01-01 10:39:53.045044,0.0,photic_stimulation/5
2021-01-01 10:39:53.074951,0.0,photic_stimulation/5
2021-01-01 10:39:53.109985,0.0,photic_stimulation/5
2021-01-01 10:39:53.140015,0.0,photic_stimulation/5
2021-01-01 10:39:53.175049,0.0,photic_stimulation/5
2021-01-01 10:39:53.209961,0.0,photic_stimulation/5
2021-01-01 10:39:53.239990,0.0,photic_stimulation/5
2021-01-01 10:39:53.275024,0.0,photic_stimulation/5
2021-01-01 10:39:53.310059,0.0,photic_stimulation/5
2021-01-01 10:39:53.339966,0.0,photic_stimulation/5
2021-01-01 10:39:53.380005,0.0,photic_stimulation/5
2021-01-01 10:39:53.410034,0.0,photic_stimulation/5
2021-01-01 10:39:53.439941,0.0,photic_stimulation/5
2021-01-01 10:39:53.474976,0.0,photic_stimulation/5
2021-01-01 10:39:53.510010,0.0,photic_stimulation/5
2021-01-01 10:39:53.540039,0.0,photic_stimulation/5
2021-01-01 10:39:53.574951,0.0,photic_stimulation/5
2021-01-01 10:39:53.609985,0.0,photic_stimulation/5
2021-01-01 10:39:53.640015,0.0,photic_stimulation/5
2021-01-01 10:39:53.675049,0.0,photic_stimulation/5
2021-01-01 10:39:53.709961,0.0,photic_stimulation/5
2021-01-01 10:39:53.739990,0.0,photic_stimulation/5
2021-01-01 10:39:53.775024,0.0,photic_stimulation/5
2021-01-01 10:39:53.810059,0.0,photic_stimulation/5
2021-01-01 10:39:53.839966,0.0,photic_stimulation/5
2021-01-01 10:39:53.875000,0.0,photic_stimulation/5
2021-01-01 10:39:53.910034,0.0,photic_stimulation/5
2021-01-01 10:39:53.944946,0.0,photic_stimulation/5
2021-01-01 10:39:53.974976,0.0,photic_stimulation/5
2021-01-01 10:39:54.010010,0.0,photic_stimulation/5
2021-01-01 10:39:54.040039,0.0,photic_stimulation/5
2021-01-01 10:39:54.074951,0.0,photic_stimulation/5
2021-01-01 10:39:54.109985,0.0,photic_stimulation/5
2021-01-01 10:39:54.140015,0.0,photic_stimulation/5
2021-01-01 10:39:54.175049,0.0,photic_stimulation/5
2021-01-01 10:39:54.209961,0.0,photic_stimulation/5
2021-01-01 10:39:54.244995,0.0,photic_stimulation/5
2021-01-01 10:39:54.275024,0.0,photic_stimulation/5
2021-01-01 10:39:54.310059,0.0,photic_stimulation/5
2021-01-01 10:39:54.339966,0.0,photic_stimulation/5
2021-01-01 10:39:54.375000,0.0,photic_stimulation/5
2021-01-01 10:39:54.410034,0.0,photic_stimulation/5
2021-01-01 10:39:54.444946,0.0,photic_stimulation/5
2021-01-01 10:39:54.474976,0.0,photic_stimulation/5
2021-01-01 10:39:54.510010,0.0,photic_stimulation/5
2021-01-01 10:39:54.545044,0.0,photic_stimulation/5
2021-01-01 10:39:54.574951,0.0,photic_stimulation/5
2021-01-01 10:39:54.609985,0.0,photic_stimulation/5
2021-01-01 10:39:54.645020,0.0,photic_stimulation/5
2021-01-01 10:39:54.680054,0.0,photic_stimulation/5
